<?xml version="1.0" encoding="utf-8"?>
<resources>

    <!--User Mode-->
    <color name="colorPrimary">#e51b49</color>
    <color name="colorPrimaryDark">#D60534</color>
    <color name="colorAccent">#FF4081</color>

    <!--Guest Mode-->
    <color name="colorGuestPrimary">#ff7800</color>
    <color name="colorGuestPrimaryDark">#e06a01</color>
    <color name="colorGuestAccent">#F89D4D</color>
    <color name="tabHostUnselectedTextColor">#f4a4b6</color>


    <color name="white">#ffffff</color>
    <color name="black">#000000</color>
    <color name="blackish_gray">#3c3c3c</color>
    <color name="status_bar">#d3143f</color>
    <color name="yellow">#fbdd09</color>
    <color name="light_gray">#f5f5f5</color>
    <color name="verification_bg">#e0dede</color>
    <color name="main_text_color">#616161</color>
    <color name="sub_text_color">#9e9e9e</color>

    <color name="listener_bg">#d3143f</color>
    <color name="outline_grey">#E5E5E5</color>
    <color name="outline_lite_grey">#E4E4E4</color>
    <color name="orange">#F24D0B</color>
    <color name="grey_text">#333333</color>
    <color name="yellow_dark">#e0aa0b</color>
    <color name="light_green">#0ef403</color>
    <color name="image_bg_grey">#B6B6B8</color>

    <color name="odd">#eee</color>
    <color name="even">#fff</color>
    <color name="divider">#ccc</color>

    <color name="chat_my_view_color">#E3E3E3</color>


    <color name="colorProfileBG">#343434</color>
    <color name="colorTransparent9000">#9000</color>
    <color name="colorGreyF4">#f4f4f4</color>

    <color name="colorVeryLightGrey">#ebebeb</color>
    <color name="colorLightGrey">#626262</color>
    <color name="colorDarkGrey">#343434</color>

    <color name="guestModePrimaryColor">#ff7800</color>
    <color name="guestModePrimaryDarkColor">#e06a01</color>

    <!-- About Screen -->
    <color name="bgAbout">#eeeeee</color>
    <color name="colorContent">#3a3a3a</color>
    <color name="colorContentBold">#303030</color>

    <color name="bitDarkLightGray">#939393</color>
    <color name="post_detail_action_bg">#F5F5F5</color>

    <color name="blue_color">#0889DD</color>
    <color name="btn_bottom_edit_profile_skip">#A5A2A1</color>
    <color name="bg_bottom_edit_profile">#323232</color>
    <color name="btn_bottom_edit_profile_edit">#ff5722</color>
</resources>
